model,RMSE_test,MAE_test,n_eval
OLS,11.95830038235164,9.057869236835172,3633
ElasticNet,12.023960099138565,9.102588377613912,3633
XGBoost,13.537575550344993,10.2732382731565,3633
Naive (y_hat = y_lag1),13.753437125144341,9.804844481145059,3633
MLP,14.058493005030373,10.39439911735506,3633
